{"main_stats_values":{"HP%":{"2":{"base":2.7648,"increment":0.9677},"3":{"base":4.1472,"increment":1.4515},"4":{"base":5.5296,"increment":1.9354},"5":{"base":6.912,"increment":2.4192}},"ATK%":{"2":{"base":2.7648,"increment":0.9677},"3":{"base":4.1472,"increment":1.4515},"4":{"base":5.5296,"increment":1.9354},"5":{"base":6.912,"increment":2.4192}},"DEF%":{"2":{"base":3.456,"increment":1.2096},"3":{"base":5.184,"increment":1.8144},"4":{"base":6.912,"increment":2.4192},"5":{"base":8.64,"increment":3.024}},"HP":{"2":{"base":45.1584,"increment":15.80544},"3":{"base":67.7376,"increment":23.70816},"4":{"base":90.3168,"increment":31.61088},"5":{"base":112.896,"increment":39.5136}},"ATK":{"2":{"base":22.5792,"increment":7.90272},"3":{"base":33.8688,"increment":11.85408},"4":{"base":45.1584,"increment":15.80544},"5":{"base":56.448,"increment":19.7568}},"SPD":{"2":{"base":1.613,"increment":1},"3":{"base":2.419,"increment":1},"4":{"base":3.226,"increment":1.1},"5":{"base":4.032,"increment":1.4}},"CRIT Rate":{"2":{"base":2.0736,"increment":0.7258},"3":{"base":3.1104,"increment":1.0886},"4":{"base":4.1472,"increment":1.4515},"5":{"base":5.184,"increment":1.8144}},"CRIT DMG":{"2":{"base":4.1472,"increment":1.4515},"3":{"base":6.2208,"increment":2.1773},"4":{"base":8.2944,"increment":2.903},"5":{"base":10.368,"increment":3.6288}},"Effect Hit Rate":{"2":{"base":2.7648,"increment":0.9677},"3":{"base":4.1472,"increment":1.4515},"4":{"base":5.5296,"increment":1.9354},"5":{"base":6.912,"increment":2.4192}},"Break Effect":{"2":{"base":4.1472,"increment":1.4515},"3":{"base":6.2208,"increment":2.1773},"4":{"base":8.2944,"increment":2.903},"5":{"base":10.368,"increment":3.6288}},"Energy Regeneration Rate":{"2":{"base":1.2442,"increment":0.4355},"3":{"base":1.8662,"increment":0.6532},"4":{"base":2.4883,"increment":0.8709},"5":{"base":3.1104,"increment":1.0886}},"Outgoing Healing Boost":{"2":{"base":2.2118,"increment":0.7741},"3":{"base":3.3178,"increment":1.1612},"4":{"base":4.4237,"increment":1.5483},"5":{"base":5.5296,"increment":1.9354}},"Physical DMG Boost":{"2":{"base":2.4883,"increment":0.8709},"3":{"base":3.7325,"increment":1.3064},"4":{"base":4.9766,"increment":1.7418},"5":{"base":6.2208,"increment":2.1773}},"Fire DMG Boost":{"2":{"base":2.4883,"increment":0.8709},"3":{"base":3.7325,"increment":1.3064},"4":{"base":4.9766,"increment":1.7418},"5":{"base":6.2208,"increment":2.1773}},"Ice DMG Boost":{"2":{"base":2.4883,"increment":0.8709},"3":{"base":3.7325,"increment":1.3064},"4":{"base":4.9766,"increment":1.7418},"5":{"base":6.2208,"increment":2.1773}},"Lightning DMG Boost":{"2":{"base":2.4883,"increment":0.8709},"3":{"base":3.7325,"increment":1.3064},"4":{"base":4.9766,"increment":1.7418},"5":{"base":6.2208,"increment":2.1773}},"Wind DMG Boost":{"2":{"base":2.4883,"increment":0.8709},"3":{"base":3.7325,"increment":1.3064},"4":{"base":4.9766,"increment":1.7418},"5":{"base":6.2208,"increment":2.1773}},"Quantum DMG Boost":{"2":{"base":2.4883,"increment":0.8709},"3":{"base":3.7325,"increment":1.3064},"4":{"base":4.9766,"increment":1.7418},"5":{"base":6.2208,"increment":2.1773}},"Imaginary DMG Boost":{"2":{"base":2.4883,"increment":0.8709},"3":{"base":3.7325,"increment":1.3064},"4":{"base":4.9766,"increment":1.7418},"5":{"base":6.2208,"increment":2.1773}}},"sub_stat_values":{"SPD":{"2":{"high":1.2,"mid":1.1,"low":1},"3":{"high":1.4,"mid":1.3,"low":1.2},"4":{"high":2,"mid":1.8,"low":1.6},"5":{"high":2.6,"mid":2.3,"low":2}},"HP":{"2":{"high":16.935,"mid":15.2415,"low":13.548},"3":{"high":25.402506,"mid":22.862253,"low":20.322},"4":{"high":33.87,"mid":30.483,"low":27.096},"5":{"high":42.33751,"mid":38.103755,"low":33.87}},"ATK":{"2":{"high":8.4675,"mid":7.62075,"low":6.774},"3":{"high":10.161,"mid":11.431126,"low":12.701252},"4":{"high":16.935,"mid":15.2415,"low":13.548},"5":{"high":21.168754,"mid":19.051877,"low":16.935}},"DEF":{"2":{"high":8.4675,"mid":7.62075,"low":6.774},"3":{"high":10.161,"mid":11.431126,"low":12.701252},"4":{"high":16.935,"mid":15.2415,"low":13.548},"5":{"high":21.168754,"mid":19.051877,"low":16.935}},"HP%":{"2":{"high":1.728,"mid":1.5552,"low":1.3824},"3":{"high":2.592,"mid":2.3328,"low":2.0736},"4":{"high":3.456,"mid":3.1104,"low":2.7648},"5":{"high":4.32,"mid":3.888,"low":3.456}},"ATK%":{"2":{"high":1.728,"mid":1.5552,"low":1.3824},"3":{"high":2.592,"mid":2.3328,"low":2.0736},"4":{"high":3.456,"mid":3.1104,"low":2.7648},"5":{"high":4.32,"mid":3.888,"low":3.456}},"DEF%":{"2":{"high":2.16,"mid":1.944,"low":1.728},"3":{"high":2.592,"mid":2.916,"low":3.24},"4":{"high":4.32,"mid":3.888,"low":3.456},"5":{"high":5.4,"mid":4.86,"low":4.32}},"Break Effect":{"2":{"high":2.592,"mid":2.3328,"low":2.0736},"3":{"high":3.888,"mid":3.4992,"low":3.1104},"4":{"high":5.184,"mid":4.6656,"low":4.1472},"5":{"high":6.48,"mid":5.832,"low":5.184}},"Effect Hit Rate":{"2":{"high":1.728,"mid":1.5552,"low":1.3824},"3":{"high":2.592,"mid":2.3328,"low":2.0736},"4":{"high":3.456,"mid":3.1104,"low":2.7648},"5":{"high":4.32,"mid":3.888,"low":3.456}},"Effect RES":{"2":{"high":1.728,"mid":1.5552,"low":1.3824},"3":{"high":2.592,"mid":2.3328,"low":2.0736},"4":{"high":3.456,"mid":3.1104,"low":2.7648},"5":{"high":4.32,"mid":3.888,"low":3.456}},"CRIT Rate":{"2":{"high":1.296,"mid":1.1664,"low":1.0368},"3":{"high":1.5552,"mid":1.7496,"low":1.944},"4":{"high":2.592,"mid":2.3328,"low":2.0736},"5":{"high":3.24,"mid":2.916,"low":2.592}},"CRIT DMG":{"2":{"high":2.592,"mid":2.3328,"low":2.0736},"3":{"high":3.888,"mid":3.4992,"low":3.1104},"4":{"high":5.184,"mid":4.6656,"low":4.1472},"5":{"high":6.48,"mid":5.832,"low":5.184}}},"parts_main_stats":{"Head":["HP"],"Hands":["ATK"],"Body":["HP%","ATK%","DEF%","CRIT Rate","CRIT DMG","Outgoing Healing Boost","Effect Hit Rate"],"Feet":["HP%","ATK%","DEF%","SPD"],"PlanarSphere":["HP%","ATK%","DEF%","Physical DMG Boost","Fire DMG Boost","Ice DMG Boost","Lightning DMG Boost","Wind DMG Boost","Quantum DMG Boost","Imaginary DMG Boost"],"LinkRope":["HP%","ATK%","DEF%","Break Effect","Energy Regeneration Rate"]}}